Day,Balance
1,3.993428306022465
2,5.72347139765763
3,10.295377076201383
4,15.046059712816051
5,14.531693250553328
6,17.53172608610164
7,24.158425631014783
8,25.534869458305817
9,26.061051228130097
10,31.08512008717193
11,32.073164614375074
12,35.06854049285948
13,39.48392454313207
14,38.1734395106844
15,41.550164334973935
16,46.875424941518055
17,48.97433775933115
18,54.628494665190544
19,55.18395184895758
